<?xml version="1.0" encoding="UTF-8"?>
<!-- <!DOCTYPE jgroups-internal SYSTEM "jg-magic-map.dtd"> -->
<magic-number-class-mapping>
    <class>
        <description>IPv4 Address (4 bytes) + port</description>
        <class-name>com.gemstone.org.jgroups.stack.IpAddress</class-name>
        <preload>true</preload>
        <magic-number>1</magic-number>
    </class>
    <class>
        <description>CAUSAL Header</description>
        <class-name>com.gemstone.org.jgroups.protocols.CAUSAL$CausalHeader</class-name>
        <preload>true</preload>
        <magic-number>2</magic-number>
    </class>
    <class>
        <description>(Description goes here)</description>
        <class-name>com.gemstone.org.jgroups.protocols.FD$FdHeader</class-name>
        <preload>true</preload>
        <magic-number>3</magic-number>
    </class>
    <class>
        <description>(Description goes here)</description>
        <class-name>com.gemstone.org.jgroups.protocols.FD_PID$FdHeader</class-name>
        <preload>true</preload>
        <magic-number>4</magic-number>
    </class>
    <class>
        <description>(Description goes here)</description>
        <class-name>com.gemstone.org.jgroups.protocols.FD_PROB$FdHeader</class-name>
        <preload>true</preload>
        <magic-number>5</magic-number>
    </class>
    <class>
        <description>(Description goes here)</description>
        <class-name>com.gemstone.org.jgroups.protocols.FD_SOCK$FdHeader</class-name>
        <preload>true</preload>
        <magic-number>6</magic-number>
    </class>
    <class>
        <description>(Description goes here)</description>
        <class-name>com.gemstone.org.jgroups.protocols.FragHeader</class-name>
        <preload>true</preload>
        <magic-number>7</magic-number>
    </class>
    <class>
        <description>(Description goes here)</description>
        <class-name>com.gemstone.org.jgroups.protocols.MERGE$MergeHeader</class-name>
        <preload>true</preload>
        <magic-number>8</magic-number>
    </class>
    <class>
        <description>(Description goes here)</description>
        <class-name>com.gemstone.org.jgroups.protocols.NakAckHeader</class-name>
        <preload>true</preload>
        <magic-number>9</magic-number>
    </class>
    <class>
        <description>(Description goes here)</description>
        <class-name>com.gemstone.org.jgroups.protocols.PARTITIONER$PartitionerHeader</class-name>
        <preload>true</preload>
        <magic-number>10</magic-number>
    </class>
    <class>
        <description>(Description goes here)</description>
        <class-name>com.gemstone.org.jgroups.protocols.PerfHeader</class-name>
        <preload>true</preload>
        <magic-number>11</magic-number>
    </class>
    <class>
        <description>(Description goes here)</description>
        <class-name>com.gemstone.org.jgroups.protocols.PIGGYBACK$PiggybackHeader</class-name>
        <preload>true</preload>
        <magic-number>12</magic-number>
    </class>
    <class>
        <description>(Description goes here)</description>
        <class-name>com.gemstone.org.jgroups.protocols.PingHeader</class-name>
        <preload>true</preload>
        <magic-number>13</magic-number>
    </class>
    <class>
        <description>(Description goes here)</description>
        <class-name>com.gemstone.org.jgroups.protocols.TcpHeader</class-name>
        <preload>true</preload>
        <magic-number>14</magic-number>
    </class>
    <class>
        <description>(Description goes here)</description>
        <class-name>com.gemstone.org.jgroups.protocols.TOTAL$Header</class-name>
        <preload>true</preload>
        <magic-number>15</magic-number>
    </class>
    <class>
        <description>(Description goes here)</description>
        <class-name>com.gemstone.org.jgroups.protocols.TOTAL_OLD$TotalHeader</class-name>
        <preload>true</preload>
        <magic-number>16</magic-number>
    </class>
    <class>
        <description>(Description goes here)</description>
        <class-name>com.gemstone.org.jgroups.protocols.TOTAL_TOKEN$TotalTokenHeader</class-name>
        <preload>true</preload>
        <magic-number>17</magic-number>
    </class>
    <class>
        <description>(Description goes here)</description>
        <class-name>com.gemstone.org.jgroups.protocols.TOTAL_TOKEN$RingTokenHeader</class-name>
        <preload>true</preload>
        <magic-number>18</magic-number>
    </class>
    <class>
        <description>(Description goes here)</description>
        <class-name>com.gemstone.org.jgroups.protocols.TunnelHeader</class-name>
        <preload>true</preload>
        <magic-number>19</magic-number>
    </class>
    <class>
        <description>UDP Header</description>
        <class-name>com.gemstone.org.jgroups.protocols.UdpHeader</class-name>
        <preload>true</preload>
        <magic-number>20</magic-number>
    </class>
    <class>
        <description>(Description goes here)</description>
        <class-name>com.gemstone.org.jgroups.protocols.UNICAST$UnicastHeader</class-name>
        <preload>true</preload>
        <magic-number>21</magic-number>
    </class>
    <class>
        <description>(Description goes here)</description>
        <class-name>com.gemstone.org.jgroups.protocols.VERIFY_SUSPECT$VerifyHeader</class-name>
        <preload>true</preload>
        <magic-number>22</magic-number>
    </class>
    <class>
        <description>(Description goes here)</description>
        <class-name>com.gemstone.org.jgroups.protocols.WANPIPE$WanPipeHeader</class-name>
        <preload>true</preload>
        <magic-number>23</magic-number>
    </class>
    <class>
        <description>(Description goes here)</description>
        <class-name>com.gemstone.org.jgroups.protocols.pbcast.GMS$GmsHeader</class-name>
        <preload>true</preload>
        <magic-number>24</magic-number>
    </class>
    <class>
        <description>(Description goes here)</description>
        <class-name>com.gemstone.org.jgroups.protocols.pbcast.NakAckHeader</class-name>
        <preload>true</preload>
        <magic-number>25</magic-number>
    </class>
    <class>
        <description>(Description goes here)</description>
        <class-name>com.gemstone.org.jgroups.protocols.pbcast.PbcastHeader</class-name>
        <preload>true</preload>
        <magic-number>26</magic-number>
    </class>
    <class>
        <description>(Description goes here)</description>
        <class-name>com.gemstone.org.jgroups.protocols.pbcast.STABLE$StableHeader</class-name>
        <preload>true</preload>
        <magic-number>27</magic-number>
    </class>
    <class>
        <description>(Description goes here)</description>
        <class-name>com.gemstone.org.jgroups.protocols.pbcast.STATE_TRANSFER$StateHeader</class-name>
        <preload>true</preload>
        <magic-number>28</magic-number>
    </class>
    <class>
        <description>(Description goes here)</description>
        <class-name>com.gemstone.org.jgroups.protocols.SMACK$SmackHeader</class-name>
        <preload>true</preload>
        <magic-number>29</magic-number>
    </class>
    <class>
        <description>Message</description>
        <class-name>com.gemstone.org.jgroups.Message</class-name>
        <preload>true</preload>
        <magic-number>30</magic-number>
    </class>
    <class>
        <description>View</description>
        <class-name>com.gemstone.org.jgroups.View</class-name>
        <preload>true</preload>
        <magic-number>31</magic-number>
    </class>
     <class>
        <description>ViewId</description>
        <class-name>com.gemstone.org.jgroups.ViewId</class-name>
        <preload>true</preload>
        <magic-number>32</magic-number>
    </class>
    <class>
        <description>List</description>
        <class-name>com.gemstone.org.jgroups.util.List</class-name>
        <preload>true</preload>
        <magic-number>33</magic-number>
    </class>
    <class>
        <description>Address</description>
        <class-name>com.gemstone.org.jgroups.Address</class-name>
        <preload>true</preload>
        <magic-number>34</magic-number>
    </class>
    <class>
        <description>(Description goes here)</description>
        <class-name>com.gemstone.org.jgroups.blocks.RequestCorrelator$Header</class-name>
        <preload>true</preload>
        <magic-number>35</magic-number>
    </class>
     <class>
        <description>PingRsp</description>
        <class-name>com.gemstone.org.jgroups.protocols.PingRsp</class-name>
        <preload>true</preload>
        <magic-number>36</magic-number>
    </class>
     <class>
        <description>Object Array</description>
        <class-name>[Ljava.lang.Object;</class-name>
        <preload>true</preload>
        <magic-number>37</magic-number>
    </class>
     <class>
        <description>Vector</description>
        <class-name>java.util.Vector</class-name>
        <preload>true</preload>
        <magic-number>38</magic-number>
     </class>
    <class>
        <description>JoinRsp</description>
        <class-name>com.gemstone.org.jgroups.protocols.pbcast.JoinRsp</class-name>
        <preload>true</preload>
        <magic-number>39</magic-number>
    </class>
    <class>
        <description>Digest</description>
        <class-name>com.gemstone.org.jgroups.protocols.pbcast.Digest</class-name>
        <preload>true</preload>
        <magic-number>40</magic-number>
    </class>
    <class>
        <description>Hashtable</description>
        <class-name>java.util.Hashtable</class-name>
        <preload>true</preload>
        <magic-number>41</magic-number>
    </class>
    <class>
        <description>Header for COMPRESS protocol</description>
        <class-name>com.gemstone.org.jgroups.protocols.COMPRESS$CompressHeader</class-name>
        <preload>true</preload>
        <magic-number>53</magic-number>
    </class>
    <class>
        <description>Header for FC protocol</description>
        <class-name>com.gemstone.org.jgroups.protocols.FC$FcHeader</class-name>
        <preload>true</preload>
        <magic-number>54</magic-number>
    </class>
    <class>
        <description>bla</description>
        <class-name>com.gemstone.org.jgroups.protocols.WanPipeAddress</class-name>
        <preload>true</preload>
        <magic-number>55</magic-number>
    </class>
    <class>
        <description>TP Header</description>
        <class-name>com.gemstone.org.jgroups.protocols.TpHeader</class-name>
        <preload>true</preload>
        <magic-number>56</magic-number>
    </class>
    <class>
        <description>(Description goes here)</description>
        <class-name>com.gemstone.org.jgroups.protocols.ENCRYPT$EncryptHeader</class-name>
        <preload>true</preload>
        <magic-number>57</magic-number>
    </class>
    <class>
        <description>(Description goes here)</description>
        <class-name>com.gemstone.org.jgroups.protocols.FD_SOCK$ReasonHeader</class-name>
        <preload>true</preload>
        <magic-number>59</magic-number>
    </class>

</magic-number-class-mapping>
